<?xml version="1.0" encoding="UTF-8"?>
<project-private xmlns="http://www.netbeans.org/ns/project-private/1">
    <editor-bookmarks xmlns="http://www.netbeans.org/ns/editor-bookmarks/2" lastBookmarkId="0"/>
    <open-files xmlns="http://www.netbeans.org/ns/projectui-open-files/2">
        <group>
            <file>file:/C:/Users/rafaa/Documents/NetBeansProjects/DAW/Sockets1/src/java/Objetos/DecoderMensaje.java</file>
            <file>file:/C:/Users/rafaa/Documents/NetBeansProjects/DAW/Sockets1/src/java/Objetos/EncoderMensaje.java</file>
            <file>file:/C:/Users/rafaa/Documents/NetBeansProjects/DAW/Sockets1/src/java/Objetos/Mensaje.java</file>
            <file>file:/C:/Users/rafaa/Documents/NetBeansProjects/DAW/Sockets1/web/js/codigo.js</file>
            <file>file:/C:/Users/rafaa/Documents/NetBeansProjects/DAW/Sockets1/src/java/chat/miChat.java</file>
            <file>file:/C:/Users/rafaa/Documents/NetBeansProjects/DAW/Sockets1/web/index.html</file>
        </group>
    </open-files>
</project-private>
